"species","commonName"
"Turdus viscivorus","Grive draine"
"Vulpes vulpes","renard roux"
"Pica pica","pie bavarde"
"Erithacus rubecula","rouge-gorge familier"
"Coenagrion pulchellum","Variable Damselfly"
"Helleia helle",NA
"Leucorrhinia pectoralis",NA
"Leucorrhinia caudalis",NA
"Leptinotarsa decemlineata","Doryphore"
"Bufo bufo","Crapaud commun"
"Coronella austriaca","smooth snake"
"Anguis fragilis",NA
"Leucorrhinia albifrons",NA
"Lampyris noctiluca","Lampyre"
"Silene vulgaris","Silène enflé"
"Coenagrion hastulatum",NA
"Digitalis grandiflora","Digitale à grandes fleurs"
"Vicia cracca","Vesce craque"
"Somatochlora flavomaculata","Cordulie à taches jaunes"
"Vaccinium vitis-idaea","airelle rouge"
"Carabus auronitens","Carabe à reflet cuivré"
"Pyrausta despicata",NA
"Xestia c-nigrum","Setaceous Hebrew character"
"Hylaea fasciaria",NA
"Rivula sericealis",NA
"Agrotis ipsilon","Noctuelle baignée"
"Campaea margaritaria",NA
"Noctua pronuba",NA
"Pyrausta purpuralis",NA
"Pediasia contaminella",NA
"Crambus perlellus",NA
"Mniotype satura",NA
"Eristalis pertinax",NA
"Aquila pomarina",NA
"Euphydryas aurinia",NA
"Vipera berus","Vipère péliade"
"Leucorrhinia dubia","White-faced Darter"
"Lacerta agilis","Lézard des souches"
"Clossiana euphrosyne",NA
"Aglais urticae","Petite tortue"
"Tettigonia viridissima",NA
"Aporia crataegi",NA
"Pseudopanthera macularia",NA
"Euclidia mi","M noir"
"Zootoca vivipara","Lézard vivipare"
"Garrulus glandarius","geai des chênes"
"Pyrrhula pyrrhula","bouvreuil pivoine"
"Betonica officinalis",NA
"Milvus milvus","Milan royal"
"Tholera decimalis",NA
"Opilio canestrinii",NA
"Buteo buteo","Buse variable"
"Alliaria petiolata","Alliaire officinale"
"Helleborus foetidus","Hellébore fétide"
"Prunus spinosa","Prunellier"
"Cardamine heptaphylla","Cardamine à sept folioles"
"Viburnum lantana",NA
"Holcus lanatus","Houlque laineuse"
"Geranium sylvaticum","Géranium des bois"
"Poa pratensis","Pâturin des prés"
"Plantago major","Grand plantain"
"Galium odoratum","sweet woodruff"
"Dasiphora fruticosa",NA
"Senecio ovatus","Séneçon de Fuchs"
"Sambucus ebulus",NA
"Macroglossum stellatarum","Moro sphinx"
"Cichorium intybus",NA
"Euonymus europaeus","Fusain d'Europe"
"Sambucus racemosa",NA
"Eupatorium cannabinum","Eupatoire à feuilles de chanvre"
"Mentha longifolia","Menthe sylvestre"
"Salvia officinalis","sauge officinale"
"Lycaena phlaeas","Cuivré commun"
"Lactuca serriola",NA
"Ligustrum vulgare","Troène commun"
"Chaerophyllum hirsutum","Cerfeuil hirsute"
"Felis silvestris","European wildcat"
"Asio otus","Hibou moyen-duc"
"Turdus merula","Merle noir"
"Corvus corone","Corneille noire"
"Turdus pilaris","Grive litorne"
"Sturnus vulgaris","Étourneau sansonnet"
"Streptopelia decaocto","Tourterelle turque"
"Ichthyosaura alpestris","Triton alpestre"
"Geum rivale","Benoîte des ruisseaux"
"Galeopsis tetrahit",NA
"Geranium dissectum","Géranium à feuilles découpées"
"Sorbus aucuparia",NA
"Lamium album","lamier blanc"
"Geranium phaeum","Géranium livide"
"Lapsana communis","Lampsane commune"
"Loxia curvirostra","Bec-croisé des sapins"
"Fringilla coelebs","pinson des arbres"
"Dendrocopos major","Pic épeiche"
"Lanius collurio","Pie-grièche écorcheur"
"Parus major","Mésange charbonnière"
"Alauda arvensis","Alouette des champs"
"Emberiza citrinella","Bruant jaune"
"Motacilla alba","Bergeronnette grise"
"Sylvia atricapilla","Fauvette à tête noire"
"Dactylis glomerata","Dactyle pelotonné"
"Plantago media","Plantain intermédiaire"
"Aruncus dioicus",NA
"Rhinanthus alectorolophus","European yellow rattle"
"Hirundo rustica","hirondelle rustique"
"Milvus migrans","Milan noir"
"Passer domesticus","Moineau domestique"
"Apus apus","Martinet noir"
"Lonicera xylosteum",NA
"Saponaria officinalis","Saponaire officinale"
"Rhamnus cathartica","Rhamnus catharticus"
"Vaccinium myrtillus","myrtille"
"Carex sylvatica","Laîche des bois"
"Ctenidium molluscum",NA
"Polypodium interjectum",NA
"Geranium robertianum",NA
"Fragaria vesca","Fraisier des bois"
"Lonicera nigra","Chèvrefeuille noir"
"Cirsium arvense","Cirse des champs"
"Thuidium tamariscinum",NA
"Rubus fruticosus","ronce commune"
"Abies alba","Sapin Blanc"
"Dryopteris carthusiana",NA
"Crataegus monogyna",NA
"Oxalis acetosella",NA
"Lathyrus linifolius",NA
"Fagus sylvatica",NA
"Lamium galeobdolon","Lamier jaune"
"Euphorbia amygdaloides","Euphorbe des bois"
"Ajuga reptans","Bugle rampante"
"Mercurialis perennis","Mercuriale vivace"
"Melica nutans",NA
"Rosa pendulina","rosier des Alpes"
"Dryopteris filix-mas",NA
"Carex pendula",NA
"Brachypodium sylvaticum",NA
"Ilex aquifolium","houx"
"Hedera helix","lierre grimpant"
"Dryopteris dilatata",NA
"Rosa arvensis","rosier des champs"
"Urtica dioica",NA
"Corylus avellana",NA
"Polystichum aculeatum",NA
"Aria edulis",NA
"Glechoma hederacea","lierre terrestre"
"Prenanthes purpurea",NA
"Asplenium trichomanes",NA
"Polygonatum verticillatum",NA
"Paris quadrifolia","Parisette à quatre feuilles"
"Hypericum hirsutum","Millepertuis hérissé"
"Rhytidiadelphus loreus",NA
"Festuca altissima",NA
"Viola reichenbachiana","Violette de Reichenbach"
"Veronica officinalis","Véronique officinale"
"Carex flacca","Laîche glauque"
"Picea abies",NA
"Melica uniflora",NA
"Knautia dipsacifolia",NA
"Acer pseudoplatanus","érable sycomore"
"Plagiomnium undulatum",NA
"Hylocomiadelphus triquetrus",NA
"Pseudotsuga menziesii",NA
"Ribes alpinum",NA
"Lathyrus vernus","Gesse printanière"
"Asplenium scolopendrium","Scolopendre"
"Hordelymus europaeus",NA
"Poa nemoralis",NA
"Bromus ramosus",NA
"Valeriana officinalis","valériane officinale"
"Atrichum undulatum",NA
"Athyrium filix-femina",NA
"Rhizomnium punctatum",NA
"Arum maculatum",NA
"Erinaceus europaeus","hérisson commun"
"Troglodytes troglodytes","Troglodyte mignon"
"Emberiza cirlus","Bruant zizi"
"Lophophanes cristatus","Mésange huppée"
"Sitta europaea","Sittelle torchepot"
"Turdus philomelos","Grive musicienne"
"Meles meles","Blaireau européen"
"Serinus serinus","Serin cini"
"Sciurus vulgaris","écureuil roux"
"Clinopodium vulgare",NA
"Betula pendula","Bouleau verruqueux"
"Capreolus capreolus","chevreuil"
"Falco tinnunculus","Faucon crécerelle"
"Cyanistes caeruleus","Mésange bleue"
"Pityokteines spinidens",NA
"Epilobium tetragonum",NA
"Petasites albus","Pétasite blanc"
"Salamandra salamandra","fire salamander"
"Carduelis carduelis","Chardonneret élégant"
"Ips typographus","bostryche typographe"
"Anthocharis cardamines",NA
"Gryllus campestris",NA
"Gonepteryx rhamni",NA
"Poecile montanus","Mésange boréale"
"Saxicola rubicola","Tarier pâtre"
"Regulus ignicapilla","Roitelet à triple bandeau"
"Periparus ater","Mésange noire"
"Phylloscopus trochilus","Pouillot fitis"
"Regulus regulus","Roitelet huppé"
"Sylvia borin","Fauvette des jardins"
"Phoenicurus phoenicurus","Rougequeue à front blanc"
"Phoenicurus ochruros","Black Redstart"
"Phylloscopus collybita","pouillot véloce"
"Certhia familiaris","Grimpereau des bois"
"Delichon urbicum","Hirondelle de fenêtre"
"Fabriciana adippe",NA
"Picus viridis","Pic vert"
"Columba palumbus","Pigeon ramier"
"Ardea cinerea","héron cendré"
"Poecile palustris","Mésange nonnette"
"Linaria cannabina","Linotte mélodieuse"
"Muscicapa striata","Gobemouche gris"
"Anas acuta","Canard pilet"
"Corvus corax","grand corbeau"
"Oenanthe oenanthe","Traquet motteux"
"Strix aluco","Chouette hulotte"
"Lanius excubitor","Pie-grièche grise"
"Hylocomium splendens",NA
"Polytrichum formosum",NA
"Eurhynchium angustirete",NA
"Galium rotundifolium","Gaillet à feuilles rondes"
"Lissotriton helveticus","Triton palmé"
"Hylurgops palliatus",NA
"Picea pungens","Épicéa bleu"
"Lepus europaeus","Lièvre d'Europe"
"Certhia brachydactyla","Grimpereau des jardins"
"Martes martes","Martre des pins"
"Geranium pyrenaicum",NA
"Yponomeuta cagnagellus",NA
"Ciconia ciconia","Cigogne blanche"
"Anthus spinoletta","Pipit spioncelle"
"Coccothraustes coccothraustes","Gros-bec casse-noyaux"
"Dryocopus martius","Pic noir"
"Turdus iliacus","Grive mauvis"
"Viscum album","gui des feuillus"
"Veronica chamaedrys","Véronique petit-chêne"
"Valeriana dioica","Valériane dioïque"
"Vicia sepium","Vesce des haies"
"Dactylorhiza maculata","Orchis tacheté"
"Falco peregrinus","faucon pèlerin"
"Leucojum vernum","Nivéole de printemps"
"Circus cyaneus","Busard Saint-Martin"
"Ranunculus lanuginosus",NA
"Daucus carota",NA
"Myosotis sylvatica",NA
"Phalacrocorax carbo","Grand Cormoran"
"Sus scrofa","sanglier"
"Rana temporaria","Grenouille rousse"
"Natrix helvetica",NA
"Aegopodium podagraria","Égopode podagraire"
"Lotus corniculatus","Lotier corniculé"
"Silene dioica","Compagnon rouge"
"Polygonatum multiflorum","Sceau de Salomon multiflore"
"Vipera aspis","Vipère aspic"
"Orchis mascula","Orchis mâle"
"Lophiolepis eriophora",NA
"Centaurea montana",NA
"Anthus trivialis","Pipit des arbres"
"Rupicapra rupicapra","chamois"
"Fraxinus excelsior","Frêne élevé"
"Ranunculus repens","Renoncule rampante"
"Viola riviniana","Violette de Rivinus"
"Acer platanoides","érable plane"
"Plagiochila porelloides",NA
"Juncus effusus",NA
"Prunella vulgaris","Brunelle commune"
"Cirsium vulgare",NA
"Luzula pilosa",NA
"Rubus idaeus","framboisier"
"Potentilla sterilis",NA
"Primula elatior",NA
"Lysimachia nemorum","Lysimaque des bois"
"Molinia caerulea","molinie bleue"
"Moehringia trinervia","three-veined sandwort"
"Orthilia secunda","Pirole unilatérale"
"Dicranum scoparium",NA
"Plagiomnium affine",NA
"Cardamine flexuosa",NA
"Carex strigosa",NA
"Eurhynchium striatum",NA
"Ranunculus polyanthemos",NA
"Deschampsia cespitosa","Canche cespiteuse"
"Martes foina","Fouine"
"Tettigonia cantans",NA
"Natrix natrix",NA
"Tanacetum parthenium",NA
"Dryobates minor","Pic épeichette"
"Alchemilla monticola",NA
"Phleum pratense","Fléole des prés"
"Ephippiger diurnus",NA
"Festuca rubra",NA
"Carex umbrosa",NA
"Carex appropinquata",NA
"Hieracium murorum",NA
"Arctium lappa",NA
"Chaerophyllum aureum",NA
"Poa annua","Pâturin annuel"
"Silene flos-cuculi",NA
"Galium palustre","Gaillet des marais"
"Populus tremula","Tremble"
"Juncus bufonius",NA
"Campanula rotundifolia","Campanule à feuilles rondes"
"Gentiana lutea","Gentiane jaune"
"Crepis paludosa",NA
"Epilobium hirsutum","Épilobe à grandes fleurs"
"Lemna minor",NA
"Equisetum fluviatile",NA
"Rumex crispus",NA
"Carex remota",NA
"Linum catharticum","Lin purgatif"
"Picris hieracioides",NA
"Elymus repens",NA
"Rubus drymophilus",NA
"Trollius europaeus","Trolle d'Europe"
"Chamaenerion dodonaei",NA
"Solidago gigantea",NA
"Plantago lanceolata","Plantain lancéolé"
"Arrhenatherum elatius","Fromental"
"Chaenorhinum minus",NA
"Juncus articulatus",NA
"Anthriscus sylvestris","Cerfeuil sauvage"
"Arctium minus","Petite bardane"
"Papilio machaon","Machaon"
"Aglais io","paon du jour"
"Draba verna",NA
"Euphorbia stricta",NA
"Juncus inflexus",NA
"Trisetum flavescens",NA
"Poa chaixii",NA
"Glyceria striata",NA
"Hypericum perforatum",NA
"Cynosurus cristatus",NA
"Phyteuma orbiculare","Raiponce orbiculaire"
"Euphorbia cyparissias","Euphorbe petit-cyprès"
"Tragopogon pratensis","Salsifis des prés"
"Hylotelephium telephium",NA
"Mustela erminea",NA
"Caltha palustris","Populage des marais"
"Rosa canina",NA
"Achillea ptarmica",NA
"Alytes obstetricans","Alyte accoucheur"
"Melilotus altissimus","Mélilot élevé"
"Pentanema squarrosum",NA
"Sonchus asper",NA
"Matricaria discoidea","Matricaire odorante"
"Lathyrus pratensis","Gesse des prés"
"Aegithalos caudatus","Mésange à longue queue"
"Barbarea vulgaris",NA
"Briza media",NA
"Avenula pubescens",NA
"Galium verum","Caille-lait jaune"
"Euphorbia exigua","Euphorbe fluette"
"Elymus caninus",NA
"Epilobium montanum",NA
"Ononis spinosa","Bugrane épineuse"
"Maianthemum bifolium","Maïanthème à deux feuilles"
"Cirsium palustre","Cirse des marais"
"Taraxacum officinale","pissenlit"
"Salix cinerea",NA
"Centaurea decipiens",NA
"Centaurea jacea","Centaurée jacée"
"Lynx lynx","lynx boréal"
"Potentilla erecta",NA
"Leucanthemum ircutianum",NA
"Centaurium erythraea",NA
"Bellis perennis","pâquerette"
"Sonchus oleraceus",NA
"Rumex obtusifolius","Patience à feuilles obtuses"
"Persicaria maculosa","Renouée persicaire"
"Trifolium medium","zigzag clover"
"Poa trivialis","Pâturin commun"
"Prunus avium","merisier"
"Chamaenerion angustifolium","Epilobium angustifolium"
"Hieracium umbellatum",NA
"Lolium perenne","Ray-grass anglais"
"Trifolium montanum","mountain clover"
"Torilis japonica",NA
"Calluna vulgaris",NA
"Larix decidua","Mélèze d'Europe"
"Fallopia convolvulus",NA
"Scirpus sylvaticus",NA
"Alchemilla xanthochlora",NA
"Epipactis helleborine","Épipactis à larges feuilles"
"Capsella bursa-pastoris",NA
"Rumex sanguineus",NA
"Glyceria notata",NA
"Polygonatum odoratum","Sceau de Salomon odorant"
"Aquilegia vulgaris","Ancolie commune"
"Polygonum aviculare","Renouée des oiseaux"
"Knautia arvensis","Knautie des champs"
"Aethusa cynapium","Petite ciguë"
"Atropa belladonna",NA
"Potentilla reptans",NA
"Heracleum sphondylium",NA
"Podarcis muralis","Lézard des murailles"
"Cornus sanguinea","Cornouiller sanguin"
"Scorzoneroides autumnalis",NA
"Myosotis michaelae",NA
"Moehringia muscosa",NA
"Phalaris arundinacea",NA
"Hypericum tetrapterum",NA
"Lolium arundinaceum",NA
"Linaria vulgaris",NA
"Scrophularia nodosa","Scrophulaire noueuse"
"Veronica montana","Véronique des montagnes"
"Trifolium repens","Trèfle blanc"
"Veratrum album",NA
"Euphorbia helioscopia",NA
"Solidago virgaurea",NA
"Geranium columbinum",NA
"Euphorbia dulcis",NA
"Knautia godetii",NA
"Stellaria graminea","Stellaire graminée"
"Medicago lupulina","Luzerne lupuline"
"Helictochloa pratensis",NA
"Arenaria serpyllifolia","Thyme-leaved Sandwort"
"Crepis biennis",NA
"Vicia dumetorum",NA
"Rubus caesius",NA
"Alchemilla glabra",NA
"Sambucus nigra",NA
"Genista tinctoria","Genêt des teinturiers"
"Bromus benekenii",NA
"Echium vulgare","Vipérine commune"
"Equisetum arvense","Prêle des champs"
"Lysimachia nummularia","Lysimaque nummulaire"
"Agrostis capillaris","Agrostis commun"
"Crepis mollis",NA
"Bromus commutatus",NA
"Turdus torquatus","Merle à plastron"
"Quercus robur","chêne pédonculé"
"Salix caprea","Saule marsault"
"Centaurea timbalii",NA
"Filipendula ulmaria",NA
"Arctium nemorosum",NA
"Accipiter nisus","Épervier d'Europe"
"Milium effusum","Millet étalé"
"Argentina anserina",NA
"Anthoxanthum odoratum","Flouve odorante"
"Tanacetum vulgare","Tanaisie commune"
"Ranunculus bulbosus",NA
"Brachypodium pinnatum",NA
"Lysimachia arvensis","Mouron rouge"
"Nucifraga caryocatactes","Cassenoix moucheté"
"Angelica sylvestris",NA
"Meum athamanticum",NA
"Achillea millefolium","Achillée millefeuille"
"Hypericum dubium",NA
"Origanum vulgare",NA
"Phyteuma spicatum",NA
"Vincetoxicum hirundinaria",NA
"Stachys alpina","Épiaire des Alpes"
"Triturus cristatus","Triton crêté"
"Rumex acetosa","Oseille commune"
"Bromus erectus","Brome dressé"
"Viburnum opulus","Viorne obier"
"Erigeron annuus","Vergerette annuelle"
"Laserpitium latifolium","Laser à feuilles larges"
"Poterium sanguisorba",NA
"Circaea lutetiana",NA
"Stellaria media",NA
"Dipsacus fullonum",NA
"Stachys sylvatica","Épiaire des bois"
"Tussilago farfara","Tussilage"
"Pteridium aquilinum",NA
"Campanula trachelium","Campanule gantelée"
"Cerastium holosteoides",NA
"Stellaria nemorum","Stellaire des bois"
"Mycelis muralis","Laitue des murailles"
"Epilobium parviflorum",NA
"Euphorbia verrucosa",NA
"Pernis apivorus","Bondrée apivore"
"Carduus nutans","Chardon penché"
"Acer campestre","Érable champêtre"
"Galium album","Gaillet blanc"
"Cirsium tuberosum",NA
"Chenopodium album",NA
"Trifolium campestre","Trèfle couché"
"Luzula sylvatica",NA
"Lolium giganteum",NA
"Malva moschata",NA
"Ulmus glabra","Orme de montagne"
"Geum urbanum","Benoîte commune"
"Populus canadensis",NA
"Valerianella dentata",NA
"Galium aparine",NA
"Trifolium hybridum",NA
"Veronica beccabunga","Véronique des ruisseaux"
"Astragalus glycyphyllos",NA
"Convolvulus arvensis","Liseron des champs"
"Koeleria pyramidata",NA
"Jacobaea vulgaris",NA
"Anthyllis vulneraria","Anthyllide vulnéraire"
"Scabiosa columbaria",NA
"Trifolium pratense","Trèfle des prés"
"Pipistrellus pipistrellus","common pipistrelle"
"Myotis nattereri",NA
"Rhinolophus euryale","Mediterranean Horseshoe Bat"
"Myotis mystacinus","whiskered bat"
"Plecotus auritus",NA
"Barbastella barbastellus","Barbastelle"
"Myotis emarginatus","Geoffroy's bat"
"Myotis bechsteinii","Bechstein's bat"
"Pipistrellus nathusii","Pipistrelle de Nathusius"
"Eptesicus serotinus","serotine bat"
"Pipistrellus kuhlii","Kuhl's pipistrelle"
"Myotis alcathoe",NA
"Plecotus austriacus",NA
"Rhinolophus ferrumequinum","Greater Horseshoe Bat"
"Myotis myotis",NA
"Myotis daubentonii","Daubenton's bat"
"Rhinolophus hipposideros","lesser horseshoe bat"
"Limenitis reducta","sylvain azuré"
"Orthetrum cancellatum","Black-tailed Skimmer"
"Thymelicus lineola",NA
"Ladoga camilla",NA
"Speyeria aglaja","Grand nacré"
"Cordulia aenea","Downy emerald"
"Apatura iris","Grand mars changeant"
"Aeshna cyanea","Æschne bleue"
"Vanessa atalanta","Vulcain"
"Loweia tityrus",NA
"Erebia ligea",NA
"Pyronia tithonus","Amaryllis"
"Melanargia galathea",NA
"Aphantopus hyperantus",NA
"Pieris napi","Piéride du navet"
"Libellula quadrimaculata","Libellule à quatre taches"
"Pararge aegeria","Tircis"
"Maniola jurtina","Myrtil"
"Vanessa cardui",NA
"Aricia agestis","Collier-de-corail"
"Leptidea sinapis",NA
"Ochlodes venata",NA
"Libellula depressa","Libellule déprimée"
"Polygonia c-album",NA
"Polyommatus icarus",NA
"Apatura ilia","Petit mars changeant"
"Scolopax rusticola","Bécasse des bois"
"Coenagrion puella","Agrion jouvencelle"
"Sympetrum sanguineum","Sympétrum rouge sang"
"Pyrrhosoma nymphula","Large Red Damselfly"
"Argynnis paphia","Tabac d'Espagne"
"Brenthis ino",NA
"Polysarcus denticauda",NA
"Cyaniris semiargus",NA
"Zygaena transalpina","Transalpine burnet moth"
"Scorzonera humilis",NA
"Coenonympha pamphilus","Small Heath"
"Thymelicus sylvestris",NA
"Melitaea diamina","Mélitée noirâtre"
"Phasianus colchicus","Faisan de Colchide"
"Zygaena trifolii","Zygène du trèfle"
"Nymphalis polychloros",NA
"Ischnura elegans","Agrion élégant"
"Sanguisorba officinalis",NA
"Carex pallescens",NA
"Talpa europaea",NA
"Carex pulicaris",NA
"Pedicularis sylvatica","Pédiculaire des bois"
"Mustela putorius",NA
"Carex hostiana",NA
"Columba oenas","Pigeon colombin"
"Carex davalliana",NA
"Arvicola scherman","Montane Water Vole"
"Lilium martagon",NA
"Orobanche caryophyllacea",NA
"Equisetum telmateia",NA
"Struthiopteris spicant",NA
"Dactylorhiza majalis","Dactylorhize de mai"
"Charadrius dubius","Petit Gravelot"
"Narcissus poeticus",NA
"Lachnellula subtilissima",NA
"Saxicola rubetra","Tarier des prés"
"Carex echinata",NA
"Chloris chloris","verdier d'Europe"
"Eriophorum angustifolium","Linaigrette à feuilles étroites"
"Bistorta officinalis","Renouée bistorte"
"Potamogeton natans","Potamot nageant"
"Ranunculus flammula","Renoncule flammette"
"Senecio hercynicus","Séneçon hercynien"
"Hieracium lachenalii",NA
"Carex montana","Mountain sedge"
"Gomphocerippus rufus","Rufous Grasshopper"
"Roeseliana roeselii",NA
"Chorthippus biguttulus","Bow-winged grasshopper"
"Pieris rapae","Piéride de la rave"
"Coenonympha arcania",NA
"Barbitistes serricauda",NA
"Lysandra coridon",NA
"Stauroderus scalaris","Criquet jacasseur"
"Omocestus viridulus","Criquet verdelet"
"Chrysochraon dispar",NA
"Pholidoptera griseoaptera","Decticelle cendrée"
"Stenobothrus lineatus",NA
"Mecostethus parapleurus",NA
"Nemobius sylvestris",NA
"Pseudochorthippus parallelus",NA
"Miramella alpina","Miramelle alpestre"
"Conocephalus fuscus","Long-winged conehead"
"Euthystira brachyptera","Small gold grasshopper"
"Erebia aethiops",NA
"Chorthippus albomarginatus",NA
"Neottia nidus-avis","Néottie nid d'oiseau"
"Metrioptera brachyptera",NA
"Epipactis schulzei",NA
"Epipactis purpurata","Épipactis violacé"
"Upupa epops","Huppe fasciée"
"Numenius arquata","Courlis cendré"
"Glaucidium passerinum","Chevêchette d'Europe"
"Accipiter gentilis","Autour des palombes"
"Motacilla cinerea","Bergeronnette des ruisseaux"
"Epipactis leptochila",NA
"Hypopitys monotropa",NA
"Larus canus","Goéland cendré"
"Ficedula hypoleuca","Gobemouche noir"
"Dama dama","daim"
"Crataegus laevigata",NA
"Ranunculus auricomus","Renoncule tête d'or"
"Anemone nemorosa","Anémone sylvie"
"Stethophyma grossum",NA
"Tricholoma virgatum",NA
"Inocybe nitidiuscula",NA
"Geastrum fimbriatum",NA
"Mycena maculata",NA
"Anax imperator","Anax empereur"
"Cortinarius semisanguineus",NA
"Ditiola peziziformis",NA
"Cyanosporus caesius",NA
"Echinoderma asperum","Lepiota aspera"
"Russula adusta",NA
"Russula acrifolia",NA
"Clavulina rugosa",NA
"Cuculus canorus","coucou gris"
"Plebejus argus","Azuré de l'ajonc"
"Zygaena filipendulae","six-spot burnet"
"Russula queletii",NA
"Jynx torquilla","Torcol fourmilier"
"Guepinia helvelloides",NA
"Celastrina argiolus","Azuré des nerpruns"
"Gymnopus dryophilus",NA
"Inosperma cookei",NA
"Stereum hirsutum","stérée hirsute"
"Fomitopsis pinicola",NA
"Cystinarius rubicundulus",NA
"Galerina marginata",NA
"Craterellus tubaeformis",NA
"Platycnemis pennipes","White-legged Damselfly"
"Pseudochorthippus montanus",NA
"Lepiota magnispora",NA
"Lyophyllum decastes",NA
"Heterobasidion annosum","polypore du pin"
"Crinipellis scabella",NA
"Pseudoclitocybe cyathiformis","Clitocybe en coupe"
"Hypholoma radicosum",NA
"Lathyrus bauhini",NA
"Suillellus luridus","Bolet blafard"
"Agrostis gigantea",NA
"Cortinarius olivaceofuscus",NA
"Lepiota felina",NA
"Laccaria laccata",NA
"Hypericum richeri",NA
"Megacollybia platyphylla",NA
"Hydropus marginellus",NA
"Rhodocollybia prolixa",NA
"Microglossum viride",NA
"Phlegmacium percome",NA
"Festuca nigrescens",NA
"Coprinellus micaceus",NA
"Spinus spinus","Tarin des aulnes"
"Pyrrhulomyces astragalinus",NA
"Crepidotus cesatii",NA
"Russula cyanoxantha","Russule charbonnière"
"Russula ochroleuca",NA
"Apioperdon pyriforme",NA
"Lactarius badiosanguineus",NA
"Cortinarius helvolus",NA
"Russula chloroides",NA
"Crepidotus applanatus",NA
"Entoloma lividoalbum",NA
"Inocybe geophylla",NA
"Clavulina coralloides","clavaire à crêtes"
"Fringilla montifringilla","Pinson du Nord"
"Clitocybe fragrans",NA
"Lactarius picinus",NA
"Cortinarius fragrantior",NA
"Collybia cookei",NA
"Hebeloma radicosum","hélébome radicant"
"Cystoderma amianthinum",NA
"Russula turci",NA
"Lentinellus cochleatus",NA
"Russula delica",NA
"Russula olivacea",NA
"Inosperma bongardii",NA
"Lycoperdon echinatum","Vesse-de-loup hérisson"
"Gloeophyllum abietinum",NA
"Mycena pura","Mycène pure"
"Vaccinium uliginosum","myrtille des marais"
"Helvella macropus",NA
"Hymenopellis radicata",NA
"Coprinus comatus","Coprin chevelu"
"Lactifluus vellereus",NA
"Cortinarius bulliardii","Cortinaire de Bulliard"
"Lycoperdon excipuliforme",NA
"Tricholoma scalpturatum","Tricholome jaunissant"
"Mycena rosella",NA
"Amanita vaginata","Amanite vaginée"
"Tricholoma columbetta","tricholome colombette"
"Agaricus sylvicola","Agaric des bois"
"Calocera viscosa","Calocère visqueuse"
"Rickenella fibula","Omphale épingle"
"Boletus reticulatus",NA
"Vaccinium oxycoccos",NA
"Pseudohydnum gelatinosum",NA
"Amanita muscaria","amanite tue-mouches"
"Lactarius fulvissimus",NA
"Cortinarius melanotus",NA
"Cortinarius variecolor",NA
"Boletus edulis",NA
"Collybiopsis confluens",NA
"Laccaria amethystina","Laccaire améthyste"
"Russula foetens","Russule fétide"
"Ganoderma carnosum",NA
"Inocybe napipes",NA
"Mycena flavescens",NA
"Russula nauseosa",NA
"Cortinarius cephalixus","cortinaire à chapeau gluant"
"Xerocomellus chrysenteron","Bolet à chair jaune"
"Phaeoclavulina flaccida",NA
"Amanita phalloides","amanite phalloïde"
"Drosera rotundifolia","Drosera à feuilles rondes"
"Russula firmula",NA
"Cantharellus amethysteus",NA
"Inocybe flocculosa",NA
"Russula vesca",NA
"Tricholomopsis rutilans",NA
"Helvella crispa","Helvelle crépue"
"Rhodocollybia butyracea",NA
"Chamaemyces fracidus",NA
"Hypholoma fasciculare","Hypholome en touffe"
"Cortinarius bolaris",NA
"Amanita rubescens","Amanite rougissante"
"Hydnum repandum","pied-de-mouton"
"Strobilomyces strobilaceus",NA
"Tricholoma bufonium",NA
"Lactarius deterrimus",NA
"Mycena epipterygia",NA
"Scutellinia umbrorum",NA
"Caloboletus calopus",NA
"Mycena vulgaris",NA
"Inocybe pyriodora",NA
"Clavariadelphus truncatus",NA
"Cortinarius infractus",NA
"Sphagnum fallax",NA
"Sphagnum compactum",NA
"Lactarius pallidus",NA
"Phellinus hartigii",NA
"Pseudosperma rimosum","Inocybe fastigié"
"Calocera cornea","Calocère cornue"
"Craterellus undulatus",NA
"Cortinarius russeus",NA
"Lycoperdon perlatum","Vesse-de-loup perlée"
"Pholiota flammans",NA
"Ripartites tricholoma","Ripartite poilu"
"Sarcodon imbricatus",NA
"Imleria badia",NA
"Cortinarius cinnamomeus",NA
"Amanita battarrae",NA
"Lycoperdon umbrinum",NA
"Russula cavipes",NA
"Hydnum rufescens",NA
"Infundibulicybe gibba",NA
"Russula albonigra",NA
"Entoloma conferendum",NA
"Andromeda polifolia",NA
"Russula densifolia",NA
"Hebeloma crustuliniforme","hébélome échaudé"
"Crucibulum laeve",NA
"Helvella elastica",NA
"Mycena galericulata",NA
"Xerocomellus porosporus","Xerocomus porosporus"
"Pholiota gummosa",NA
"Sphagnum flexuosum",NA
"Mycena arcangeliana",NA
"Pluteus roseipes",NA
"Inocybe petiginosa",NA
"Inocybe hypophaea",NA
"Trametes versicolor",NA
"Calonarius atrovirens",NA
"Coprinopsis atramentaria","Coprin noir d'encre"
"Paragymnopus perforans",NA
"Lathyrus heterophyllus",NA
"Mycena sanguinolenta",NA
"Pholiota adiposa",NA
"Clavariadelphus pistillaris",NA
"Gymnopilus penetrans",NA
"Hypnum jutlandicum",NA
"Entoloma venosum",NA
"Pinus sylvestris","Pin sylvestre"
"Porphyrellus porphyrosporus","Tylopilus porphyrosporus"
"Russula integra",NA
"Leotia lubrica",NA
"Russula subfoetens",NA
"Cystoderma jasonis",NA
"Phlegmacium delaportei",NA
"Filipendula vulgaris",NA
"Cortinarius evernius",NA
"Hypholoma capnoides",NA
"Chalciporus piperatus",NA
"Lepiota clypeolaria","Lépiote en bouclier"
"Neoboletus erythropus",NA
"Russula cremeoavellanea",NA
"Tricholoma saponaceum","Tricholome à odeur de savon"
"Cantharellus pallens",NA
"Trichaptum abietinum","Tramète lilas"
"Lactarius salmonicolor","Lactaire couleur saumon"
"Inocybe whitei",NA
"Tricholoma pseudonictitans",NA
"Russula viscida",NA
"Clitocybe costata",NA
"Cortinarius hinnuleus",NA
"Macrocystidia cucumis",NA
"Pluteus pouzarianus",NA
"Calonarius odorifer",NA
"Rubroboletus rubrosanguineus",NA
"Gymnadenia conopsea","Orchis moucheron"
"Craterellus cornucopioides","Trompette de la mort"
"Cortinarius flexipes",NA
"Clitopilus prunulus","Meunier"
"Clitocybe umbilicata","Clitocybe ombiliqué"
"Mycena galopus",NA
"Cortinarius sanguineus",NA
"Cortinarius salor",NA
"Ramaria formosa",NA
"Carex rostrata",NA
"Inocybe corydalina",NA
"Russula fellea",NA
"Inocybe tigrina",NA
"Tricholoma terreum",NA
"Russula anthracina",NA
"Mycena polygramma",NA
"Lactarius blennius",NA
"Picipes badius","Royoporus badius"
"Cortinarius decipiens",NA
"Tricholoma luridum",NA
"Pulmonaria montana",NA
"Lamium maculatum",NA
"Rabelera holostea",NA
"Cardamine pratensis","Cardamine des prés"
"Alchemilla vulgaris","Alchémille commune"
"Stictoleptura rubra",NA
"Plagiochila asplenioides","Plagiochila asplenoides"
"Daphne mezereum","bois-joli"
"Chrysosplenium oppositifolium",NA
"Ranunculus acris","Renoncule âcre"
"Paragalactinia michelii",NA
"Discina ancilis",NA
"Exobasidium karstenii",NA
"Arabis hirsuta","arabette hérissée"
"Cynanchica pyrenaica",NA
"Hygrophorus piceae",NA
"Chrysosplenium alternifolium",NA
"Lepista densifolia",NA
"Mycena stipata",NA
"Thelephora anthocephala",NA
"Carpinus betulus","charme commun"
"Trametes hirsuta",NA
"Phylloscopus bonelli","Pouillot de Bonelli"
"Pluteus primus",NA
"Lactifluus glaucescens",NA
"Entocybe nitida",NA
"Clitocybe obsoleta",NA
"Myosotis scorpioides",NA
"Pluteus phlebophorus",NA
"Pluteus cervinus",NA
"Lactarius azonites",NA
"Odontites vulgaris",NA
"Agrimonia eupatoria",NA
"Agrimonia procera",NA
"Galium sylvaticum",NA
"Dichoropetalum carvifolia",NA
"Cortinarius fulvescens",NA
"Panellus stipticus",NA
"Geastrum quadrifidum",NA
"Strobilurus esculentus",NA
"Hymenoscyphus fagineus",NA
"Geranium pratense","Géranium des prés"
"Tricholoma sejunctum",NA
"Leontodon hispidus",NA
"Stellaria glochidisperma",NA
"Hemimycena lactea",NA
"Viola hirta","Violette hérissée"
"Cortinarius caninus","Cortinaire des chiens"
"Impatiens noli-tangere",NA
"Lentinus brumalis",NA
"Veronica persica",NA
"Cortinarius delibutus",NA
"Luzula campestris",NA
"Symphytum officinale",NA
"Alnus glutinosa",NA
"Schizophyllum commune",NA
"Polygala vulgaris",NA
"Asplenium quadrivalens",NA
"Hypericum maculatum","Millepertuis taché"
"Tricholoma atrosquamosum",NA
"Paxillus involutus","Paxille enroulé"
"Cytisus decumbens",NA
"Anas platyrhynchos","Canard colvert"
"Laccaria proxima",NA
"Thelephora penicillata",NA
"Entoloma rhodopolium",NA
"Trifolium patens",NA
"Inocybe cincinnata",NA
"Stropharia aeruginosa","Strophaire vert-de-gris"
"Petasites hybridus","Grand pétasite"
"Mentha arvensis","corn mint"
"Aconitum lycoctonum",NA
"Gloeophyllum odoratum",NA
"Russula pseudointegra",NA
"Valeriana excelsa",NA
"Melanoleuca cognata",NA
"Alchemilla crinita",NA
"Calycina citrina",NA
"Cyathicula cyathoidea",NA
"Lactarius pterosporus",NA
"Rumex conglomeratus",NA
"Ulmus minor",NA
"Asarum europaeum","Asaret d'Europe"
"Lactifluus volemus",NA
"Calystegia sepium",NA
"Mycena silvae-nigrae",NA
"Persicaria hydropiper",NA
"Primula veris",NA
"Lepiota ignivolvata",NA
"Hygrophorus marzuolus",NA
"Entoloma hirtipes",NA
"Rhodophana nitellina",NA
"Mycena vitilis",NA
"Amanita fulva","Amanite fauve"
"Cirsium oleraceum","Cirse maraîcher"
"Russula medullata",NA
"Mycena plumipes",NA
"Tringa ochropus","Chevalier cul-blanc"
"Lactarius fuliginosus",NA
"Sedum album","Orpin blanc"
"Stereum sanguinolentum","Carie rouge du sapin"
"Centaurium pulchellum",NA
"Prunella modularis","Accenteur mouchet"
"Russula grata",NA
"Leccinellum pseudoscabrum",NA
"Lichenomphalia umbellifera",NA
"Xylaria hypoxylon","Xylaire du bois"
"Trametes ochracea",NA
"Ficaria verna","Ficaire"
"Scabiosa lucida",NA
"Agaricus semotus",NA
"Tremella mesenterica","Trémelle mésentérique"
"Stereum subtomentosum",NA
"Trametes cinnabarina",NA
"Mycena zephirus",NA
"Crepis capillaris","Smooth hawksbeard"
"Ramaria stricta",NA
"Russula luteotacta",NA
"Neolentinus adhaerens",NA
"Mycena rubromarginata",NA
"Ranunculus aconitifolius",NA
"Juncus tenuis",NA
"Stachys palustris","Épiaire des marais"
"Myosotis arvensis","field forget-me-not"
"Rhinanthus minor",NA
"Thymus pulegioides",NA
"Thaxterogaster purpurascens",NA
"Eleocharis mamillata",NA
"Salix aurita","Saule à oreillettes"
"Exobasidium rostrupii",NA
"Hypoxylon fragiforme",NA
"Melampsorella elatina",NA
"Veronica teucrium",NA
"Hippocrepis comosa","Fer à cheval"
"Pseudoomphalina graveolens",NA
"Amanita ceciliae","Amanite étranglée"
"Viola arvensis","Pensée des champs"
"Cortinarius obtusus",NA
"Bidens frondosa",NA
"Potentilla verna",NA
"Pterula multifida",NA
"Carex digitata",NA
"Tragopogon orientalis",NA
"Felis catus",NA
"Pseudoscleropodium purum",NA
"Carex pilulifera",NA
"Asplenium viride","Capillaire vert"
"Dryopteris borreri",NA
"Carex muricata",NA
"Trifolium rubens","Trèfle rougeâtre"
"Carlina acaulis","Carline acaule"
"Atriplex prostrata",NA
"Salix purpurea",NA
"Luzula multiflora",NA
"Lolium pratense",NA
"Mycena pelianthina",NA
"Epipactis palustris","Épipactis des marais"
"Dianthus armeria",NA
"Trifolium dubium","Trèfle douteux"
"Russula puellaris",NA
"Allium oleraceum","Ail des jardins"
"Carduus crispus",NA
"Panus conchatus",NA
"Onobrychis viciifolia","Sainfoin cultivé"
"Helianthemum nummularium",NA
"Teucrium scorodonia","Germandrée scorodoine"
"Russula aurea",NA
"Lactifluus pergamenus",NA
"Galium pumilum",NA
"Centaurea scabiosa","Centaurée scabieuse"
"Russula fragrans",NA
"Succisa pratensis",NA
"Russula badia",NA
"Carum carvi","Carvi"
"Sanicula europaea","Sanicle d'Europe"
"Climacocystis borealis",NA
"Salvia pratensis",NA
"Russula alutacea",NA
"Campanula glomerata","campanule agglomérée"
"Dioscorea communis",NA
"Lepidium campestre",NA
"Agrostis stolonifera",NA
"Seseli montanum",NA
"Pilosella officinarum",NA
"Carex panicea",NA
"Alisma plantago-aquatica",NA
"Schoenoplectus lacustris",NA
"Geranium molle",NA
"Verbascum thapsus",NA
"Veronica arvensis",NA
"Veronica serpyllifolia","Véronique à feuilles de serpolet"
"Petrorhagia prolifera",NA
"Festuca patzkei",NA
"Epilobium obscurum",NA
"Ardea alba","Grande aigrette"
"Carex oederi",NA
"Teucrium chamaedrys",NA
"Thesium pyrenaicum",NA
"Genista sagittalis",NA
"Raphanus raphanistrum",NA
"Berberis vulgaris","Épine-vinette"
"Melilotus officinalis","Mélilot officinal"
"Artemisia vulgaris","Armoise commune"
"Anthericum ramosum",NA
"Vinca minor","Petite pervenche"
"Equisetum palustre","Prêle des marais"
"Lathyrus sylvestris","gesse des bois"
"Arctium tomentosum",NA
"Tripleurospermum inodorum",NA
"Holcus mollis","Houlque molle"
"Euphrasia salisburgensis",NA
"Lasiosphaeria ovina",NA
"Dianthus superbus","Œillet superbe"
"Juncus acutiflorus",NA
"Sinapis arvensis","Moutarde des champs"
"Carex hirta","Laiche hérissée"
"Lotus pedunculatus",NA
"Tachymarptis melba","Martinet à ventre blanc"
"Typha latifolia","Massette à larges feuilles"
"Clinopodium acinos",NA
"Oudemansiella melanotricha",NA
"Sedum acre","Orpin âcre"
"Pimpinella saxifraga",NA
"Serratula tinctoria","Serratule des teinturiers"
"Juncus conglomeratus",NA
"Barbarea intermedia",NA
"Euphorbia platyphyllos",NA
"Clematis vitalba",NA
"Orobanche gracilis",NA
"Salix eleagnos","Salix elaeagnos"
"Ranunculus platanifolius",NA
"Inosperma cervicolor",NA
"Bryonia dioica","Bryone dioïque"
"Jacobaea erucifolia",NA
"Hypochaeris radicata",NA
"Bondarzewia mesenterica",NA
"Leccinum aurantiacum",NA
"Scutellinia trechispora",NA
"Parnassia palustris","Parnassie des marais"
"Senecio vulgaris","Séneçon commun"
"Polyporus tuberaster",NA
"Thalictrum aquilegiifolium",NA
"Melampyrum sylvaticum","Mélampyre des forêts"
"Rubus saxatilis",NA
"Fomitopsis betulina","Polypore du bouleau"
"Lactifluus piperatus",NA
"Colchicum autumnale","Colchique d'automne"
"Xylaria longipes",NA
"Conocybe subovalis",NA
"Poa compressa",NA
"Calamagrostis epigejos",NA
"Sagina procumbens",NA
"Sedum sexangulare",NA
"Apera spica-venti",NA
"Coronilla varia",NA
"Verbena officinalis","Verveine officinale"
"Stachys recta","Épiaire droite"
"Spergula arvensis","Spergule des champs"
"Vicia sativa","Vesce commune"
"Scleranthus annuus",NA
"Cruciata laevipes",NA
"Circus pygargus","Busard cendré"
"Mycena leptocephala",NA
"Bupleurum longifolium",NA
"Bupleurum falcatum","Buplèvre en faux"
"Phylloscopus sibillatrix",NA
"Gentianopsis ciliata","Gentiane ciliée"
"Gentianella germanica","Gentiane d'Allemagne"
"Alopochen aegyptiaca","Ouette d'Égypte"
"Tetrastes bonasia","Gélinotte des bois"
"Cystolepiota seminuda",NA
"Oreoselinum nigrum",NA
"Pluteus atromarginatus",NA
"Dendrocoptes medius","Pic mar"
"Phlebia tremellosa",NA
"Clitocybe phaeophthalma",NA
"Pieris brassicae",NA
"Oreopteris limbosperma",NA
"Cortinarius malicorius",NA
"Cystolepiota pulverulenta",NA
"Inocybe calospora",NA
"Gymnopus aquosus",NA
"Prunus mahaleb",NA
"Butyriboletus subappendiculatus","Boletus subappendiculatus"
"Picipes melanopus",NA
"Catathelasma imperiale",NA
"Crepidotus variabilis",NA
"Tubaria conspersa",NA
"Neottia ovata",NA
"Circus aeruginosus","Busard des roseaux"
"Phlegmacium balteatocumatile",NA
"Calocybe chrysenteron",NA
"Lullula arborea","Alouette lulu"
"Lycopodium clavatum","Lycopodium clavatum subsp. clavatum"
"Hygrophoropsis aurantiaca","Fausse chanterelle"
"Meripilus giganteus","polypore géant"
"Lactarius circellatus",NA
"Amanita excelsa",NA
"Phegopteris connectilis",NA
"Corvus frugilegus","Corbeau freux"
"Inocybe praetervisa",NA
"Inocybe dulcamara",NA
"Sparassis spathulata",NA
"Mycena viridimarginata",NA
"Lactarius torminosus",NA
"Lactarius subdulcis",NA
"Ramaria largentii",NA
"Narcissus pseudonarcissus",NA
"Lactarius pyrogalus",NA
"Cardamine impatiens",NA
"Bjerkandera adusta","Polypore brûlé"
"Pluteus leoninus",NA
"Myotis brandtii",NA
"Gagea lutea","Gagée jaune"
"Crocus vernus",NA
"Cerastium fontanum",NA
"Lycopus europaeus","Lycope d'Europe"
"Taraxacum campylodes",NA
"Euphorbia flavicoma",NA
"Cirsium rivulare","Cirse des ruisseaux"
"Epilobium palustre",NA
"Salix alba",NA
"Leucanthemum vulgare","marguerite commune"
"Alopecurus pratensis","Vulpin des prés"
"Rumex acetosella","Petite oseille"
"Pulmonaria obscura",NA
"Veronica anagallis-aquatica","Véronique mouron d'eau"
"Galium mollugo","Caille-lait blanc"
"Lythrum salicaria","Salicaire commune"
"Grus grus","Grue cendrée"
"Pimpinella major",NA
"Carduus defloratus",NA
"Festuca heterophylla",NA
"Cerastium arvense","Céraiste des champs"
"Thymus praecox",NA
"Dianthus carthusianorum","Œillet des Chartreux"
"Vicia tenuifolia",NA
"Traunsteinera globosa","Orchis globuleux"
"Gallinula chloropus","Gallinule poule-d'eau"
"Inocybe assimilata",NA
"Inocybe abietis",NA
"Ramaria pallida",NA
"Platycleis albopunctata","Decticelle chagrinée"
"Leptophyes punctatissima","Speckled bush-cricket"
"Chorthippus brunneus","Common field grasshopper"
"Limacella delicata",NA
"Oryctolagus cuniculus","Poponejo"
"Cystoderma carcharias",NA
"Russula farinipes",NA
"Tricholoma orirubens",NA
"Hygrophorus agathosmus",NA
"Clitocybe odora",NA
"Anthus pratensis","Pipit farlouse"
"Amanita argentea","Amanite argentée"
"Cortinarius anomalus",NA
"Russula fragrantissima",NA
"Phaeoclavulina abietina",NA
"Lactarius aurantiacus",NA
"Columba livia","pigeon biset"
"Amanita queletii",NA
"Cortinarius camphoratus",NA
"Coturnix coturnix","caille des blés"
"Gomphus clavatus",NA
"Baeospora myosura",NA
"Cystinarius crassus",NA
"Canis lupus","loup"
"Sylvia communis",NA
"Hylobius abietis","grand charançon du pin"
"Festuca lemanii",NA
"Cystopteris fragilis",NA
"Carex caryophyllea",NA
"Noccaea perfoliata",NA
"Bromus racemosus",NA
"Pilosella piloselloides",NA
"Trifolium aureum",NA
"Crepis foetida",NA
"Bromus hordeaceus","Brome mou"
"Myosotis decumbens",NA
"Adenostyles alliariae","Adénostyle à feuilles d'alliaire"
"Polypodium vulgare","Polypode commun"
"Pulmonaria officinalis","Pulmonaire officinale"
"Tilia platyphyllos","Tilleul à grandes feuilles"
"Arabis alpina","Arabette des Alpes"
"Gymnocarpium robertianum","Gymnocarpe de Robert"
"Cerastium glomeratum","Céraiste aggloméré"
"Cardamine hirsuta","Cardamine hirsute"
"Melilotus albus","Mélilot blanc"
"Euphorbia esula",NA
"Brassica napus","colza"
"Anacamptis morio","Orchis bouffon"
"Myosotis nemorosa",NA
"Glyceria declinata",NA
"Chaerophyllum temulum","Cerfeuil penché"
"Scrophularia auriculata","Scrophulaire à oreillettes"
"Medicago sativa",NA
"Carex alba",NA
"Bromus sterilis","Brome stérile"
"Crepis vesicaria",NA
"Stellaria aquatica",NA
"Campanula rapunculus","Campanule raiponce"
"Mentha aquatica","Menthe aquatique"
"Solidago canadensis",NA
"Daphne laureola",NA
"Carex divulsa",NA
"Malva alcea","Mauve alcée"
"Callitriche platycarpa",NA
"Juglans regia","noyer commun"
"Sisymbrium officinale","Sisymbre officinal"
"Frangula alnus","Bourdaine"
"Valerianella locusta","Mâche"
"Silene latifolia",NA
"Callitriche stagnalis",NA
"Bromus arvensis",NA
"Stellaria alsine","Stellaire des sources"
"Allium vineale","Ail des vignes"
"Actaea spicata",NA
"Papaver rhoeas","coquelicot"
"Fagopyrum esculentum",NA
"Melampyrum pratense","Mélampyre des prés"
"Vicia tetrasperma","Vesce à quatre graines"
"Lathyrus tuberosus","Gesse tubéreuse"
"Hygrophorus capreolarius",NA
"Pseudoturritis turrita",NA
"Veronica agrestis",NA
"Ribes rubrum","groseiller"
"Sonchus arvensis",NA
"Potamogeton berchtoldii",NA
"Dianthus sylvestris","Œillet des rochers"
"Actitis hypoleucos","Chevalier guignette"
"Ascobolus furfuraceus",NA
"Cervaria rivini",NA
"Lepiota cristata","Lépiote crêtée"
"Agaricus augustus","agaric auguste"
"Cortinarius solis-occasus",NA
"Tricholoma portentosum",NA
"Hygrophorus discoideus",NA
"Hygrophorus chrysodon",NA
"Inosperma calamistratum",NA
"Hygrocybe quieta",NA
"Kneiffiella cineracea",NA
"Xylodon asper",NA
"Peniophorella praetermissa",NA
"Calonarius elegantior",NA
"Mallocybe terrigena",NA
"Cortinarius cinnamomeoluteus",NA
"Gerronema strombodes",NA
"Armillaria cepistipes",NA
"Cantharellus cibarius","girolle"
"Cortinarius stillatitius",NA
"Thaxterogaster fulvo-ochrascens",NA
"Cortinarius epipoleus",NA
"Aleurodiscus amorphus",NA
"Melica ciliata",NA
"Calonarius corrosus",NA
"Hebeloma sinapizans",NA
"Amanita citrina","Amanite citrine"
"Libanotis pyrenaica",NA
"Lactarius hysginus",NA
"Hymenochaete cruenta",NA
"Prunulus diosmus",NA
"Cortinarius acutus",NA
"Cortinarius cumatilis","Cortinaire bleu violet"
"Clitocybe alborufescens",NA
"Cortinarius laniger",NA
"Ramaria aurea",NA
"Russula xerampelina","Russule xérampéline"
"Cyphella digitalis",NA
"Amanita pantherina","Amanite panthère"
"Armillaria mellea",NA
"Asterophora parasitica",NA
"Collybiopsis peronata",NA
"Phlegmacium glaucopus",NA
"Russula fragilis",NA
"Allium sphaerocephalon","Ail à tête ronde"
"Gyromitra infula",NA
"Cortinarius lividoviolaceus",NA
"Elaphomyces granulatus",NA
"Marasmius cohaerens",NA
"Hebeloma clavulipes",NA
"Russula parazurea",NA
"Hypholoma marginatum",NA
"Cortinarius cotoneus",NA
"Craterellus lutescens",NA
"Chamonixia caespitosa",NA
"Clitocybe phyllophila",NA
"Diatrype stigma",NA
"Thaxterogaster subpurpurascens",NA
"Aureonarius callisteus",NA
"Cortinarius orellanus","Cortinaire couleur de rocou"
"Armillaria ostoyae","Armillaria solidipes"
"Kuehneromyces mutabilis","Pholiote changeante"
"Melanomma pulvis-pyrius",NA
"Skeletocutis carneogrisea",NA
"Neofavolus suavissimus",NA
"Diatrype disciformis",NA
"Cortinarius traganus",NA
"Tricholoma vaccinum",NA
"Calonarius barbarorum",NA
"Cortinarius opimus",NA
"Thaxterogaster causticus",NA
"Lactarius ruginosus",NA
"Chrysomphalina grossula",NA
"Tricholoma equestre",NA
"Russula emetica","Russule émétique"
"Rhodocollybia asema",NA
"Cortinarius spilomeus",NA
"Cortinarius regis-romae",NA
"Cortinarius fraudulosus",NA
"Carex halleriana",NA
"Leucocybe connata",NA
"Hypholoma lateritium","Hypholoma sublateritium"
"Xerula pudens",NA
"Cudonia circinans",NA
"Tricholoma pardinum","spotted tricholoma"
"Tricholoma sulphureum",NA
"Inosperma adaequatum",NA
"Lacrymaria lacrymabunda","Psathyrelle pleureuse"
"Calonarius callochrous",NA
"Clitocybe metachroa",NA
"Hygrophorus pudorinus",NA
"Candolleomyces candolleanus",NA
"Agaricus sylvaticus","Agaricus silvaticus"
"Panellus mitis",NA
"Clitocybe nebularis","Clitocybe nébuleux"
"Suillus placidus",NA
"Typhula setipes",NA
"Cortinarius duracinus",NA
"Cortinarius dionysae",NA
"Amanita virosa","Amanite vireuse"
"Lepista nuda","pied bleu"
"Gymnopus brassicolens",NA
"Lactarius scrobiculatus",NA
"Gymnopus androsaceus",NA
"Cortinarius illuminus",NA
"Melanophyllum haematospermum",NA
"Entoloma sericatum",NA
"Orobanche teucrii",NA
"Lactarius uvidus",NA
"Russula torulosa",NA
"Cortinarius orichalceus",NA
"Aureonarius limonius",NA
"Inocybe fibrosa",NA
"Cinereomyces lindbladii",NA
"Botryobasidium vagum",NA
"Phlegmacium subhygrophanum",NA
"Cortinarius varius",NA
"Neobulgaria pura",NA
"Ischnoderma benzoinum",NA
"Russula amethystina",NA
"Paralepista flaccida",NA
"Cortinarius largus",NA
"Ramaria fennica",NA
"Thaxterogaster multiformis",NA
"Hygrophorus pustulatus",NA
"Pholiota lenta",NA
"Lachnellula calyciformis",NA
"Thaxterogaster turmalis",NA
"Entoloma cetratum",NA
"Anas crecca","Sarcelle d'hiver"
"Rosa tomentosa",NA
"Erigeron canadensis",NA
"Rosa corymbifera",NA
"Alchemilla coriacea",NA
"Aesculus hippocastanum",NA
"Epilobium roseum",NA
"Lolium multiflorum","Ray-grass d'Italie"
"Cardamine amara",NA
"Atriplex patula",NA
"Bryonia cretica",NA
"Prunus padus",NA
"Juncus compressus",NA
"Ornithogalum pyrenaicum","Ornithogale des Pyrénées"
"Carterocephalus palaemon","Hespérie du brome"
"Lestes virens",NA
"Mellicta athalia",NA
"Erebia medusa","Moiré franconien"
"Palaeochrysophanus hippothoe",NA
"Lysandra bellargus",NA
"Colias croceus",NA
"Poa angustifolia",NA
"Tetrix subulata",NA
"Marasmius rotula","Marasme petite roue"
"Pilosella lactucella",NA
"Carex leersii",NA
"Plantago uliginosa",NA
"Inosperma maculatum",NA
"Lentinus substrictus",NA
"Centaurea nigra",NA
"Abortiporus biennis","Polypore bisannuel"
"Exidia umbrinella",NA
"Bolbitius titubans",NA
"Epilobium lamyi",NA
"Galium elongatum",NA
"Utricularia australis",NA
"Pseudoplectania melaena",NA
"Campanula persicifolia","campanule à feuilles de pêcher"
"Sparganium erectum","Rubanier d'eau"
"Carex vesicaria",NA
"Lepidozia reptans",NA
"Frullania dilatata",NA
"Hypnum andoi",NA
"Frullania tamarisci",NA
"Leucodon sciuroides",NA
"Lejeunea cavifolia",NA
"Plicaturopsis crispa",NA
"Lactarius tabidus",NA
"Bombina variegata","Sonneur à ventre jaune"
"Blepharostoma trichophyllum",NA
"Kindbergia praelonga",NA
"Scapania nemorea",NA
"Alleniella complanata",NA
"Calliergonella cuspidata",NA
"Rallus aquaticus","Râle d'eau"
"Tortella tortuosa",NA
"Aleuria aurantia",NA
"Orthodicranum montanum",NA
"Tetraphis pellucida",NA
"Thuidium delicatulum",NA
"Hypnum cupressiforme","Hypne cyprès"
"Calypogeia fissa",NA
"Cephalozia bicuspidata",NA
"Hohenbuehelia petaloides",NA
"Ciconia nigra","Cigogne noire"
"Falco subbuteo","Faucon hobereau"
"Homalothecium sericeum",NA
"Humaria hemisphaerica",NA
"Collybiopsis ramealis",NA
"Lactarius camphoratus",NA
"Octaviania asterosperma",NA
"Dicranella heteromalla",NA
"Neckera pumila",NA
"Cystoderma fallax",NA
"Clitocybula lacerata",NA
"Ciboria rufofusca",NA
"Isothecium alopecuroides","United Stammemos"
"Ulota bruchii",NA
"Polyporus lipsiensis",NA
"Pleurozium schreberi",NA
"Tricholomopsis flammula",NA
"Omphalina setipes",NA
"Gymnopilus sapineus",NA
"Russula atropurpurea",NA
"Plagiothecium nemorale",NA
"Lophocolea heterophylla",NA
"Syntrichia ruralis","Tortula ruralis"
"Plagiothecium denticulatum",NA
"Plagiothecium undulatum",NA
"Homalothecium lutescens",NA
"Fissidens taxifolius",NA
"Russula nobilis",NA
"Imperator torosus","Boletus torosus"
"Metzgeria furcata",NA
"Lophocolea bidentata",NA
"Iodowynnea auriformis",NA
"Cruciata glabra",NA
"Geopyxis foetida",NA
"Trichophaea pseudogregaria",NA
"Boudiera tracheia",NA
"Minois dryas","Grand nègre des bois"
"Limenitis populi","Grand sylvain"
"Bicolorana bicolor",NA
"Cupulina ascophanoides",NA
"Iphiclides podalirius","Flambé"
"Hamearis lucina","Lucine"
"Sparassis crispa","Sparassis crépu"
"Erynnis tages","Point-de-Hongrie"
"Carcharodus alceae","Hespérie de la passe-rose"
"Pyrgus serratulae","Hespérie de l'alchémille"
"Spialia sertorius","Hespérie des sanguisorbes"
"Calonarius coniferarum",NA
"Adscita statices",NA
"Otidea onotica",NA
"Protostropharia semiglobata",NA
"Callophrys rubi","Thècle de la ronce"
"Cortinarius haasii",NA
"Pholiota tuberculosa",NA
"Araschnia levana",NA
"Inocybe sindonia",NA
"Calonarius spectabilis",NA
"Infundibulicybe geotropa",NA
"Melitaea cinxia","Mélitée du plantain"
"Mellicta parthenoides",NA
"Zygaena carniolica",NA
"Thymelicus acteon","Hespérie du chiendent"
"Cystodermella granulosa",NA
"Xerocomus subtomentosus",NA
"Lepiota fuscovinacea",NA
"Mycena aurantiomarginata",NA
"Ascocoryne sarcoides","Ascocoryne sarcoïde"
"Cortinarius croceus",NA
"Cantharellus cinereus",NA
"Lactarius albocarneus",NA
"Calonarius dibaphus",NA
"Inocybe asterospora",NA
"Perilachnea hemisphaerioides",NA
"Tricholoma aurantium",NA
"Inocybe eutheles",NA
"Pholiota aurivella",NA
"Tephrocybe rancida",NA
"Ascocoryne cylichnium",NA
"Scutellinia hirta",NA
"Lyophyllum boudieri",NA
"Trametes gibbosa",NA
"Entoloma incanum",NA
"Cortinarius malachius",NA
"Inocybe auricoma",NA
"Laccaria bicolor",NA
"Tubaria ferruginea",NA
"Collybia cirrhata",NA
"Phlegmacium mussivum",NA
"Clitocybe suaveolens",NA
"Clavulina cinerea",NA
"Ptyonoprogne rupestris","Hirondelle de rochers"
"Pluteus podospileus",NA
"Aureonarius tofaceus",NA
"Phlegmacium terpsichores",NA
"Phlegmacium camptoros",NA
"Cortinarius subarquatus",NA
"Lactarius evosmus",NA
"Galerina stylifera",NA
"Cortinarius rigens",NA
"Psathyrella prona",NA
"Arrhenia acerosa",NA
"Conocybe velata",NA
"Tetropium fuscum",NA
"Bombycilla garrulus","Jaseur boréal"
"Lasiommata megera",NA
"Lasiommata maera","Némusien"
"Gomphidius glutinosus","Gomphide glutineux"
"Stropharia caerulea",NA
"Russula atramentosa",NA
"Chlorophyllum rhacodes","Lépiote déguenillée"
"Hemistropharia albocrenulata",NA
"Trichophaea hybrida",NA
"Paralepista gilva",NA
"Lepiota boudieri",NA
"Inocybe obscurobadia",NA
"Hypomyces chrysospermus",NA
"Lycoperdon nigrescens",NA
"Anser anser","oie cendrée"
"Tricharina hiemalis",NA
"Cephalanthera damasonium","Céphalanthère de Damas"
"Brachyderes incanus",NA
"Carex humilis",NA
"Hypericum montanum","Millepertuis des montagnes"
"Atadinus alpinus",NA
"Sesleria caerulea",NA
"Teucrium montanum","Germandrée des montagnes"
"Hippocrepis emerus","Coronille des jardins"
"Juniperus communis","Genévrier commun"
"Rumex scutatus",NA
"Digitalis lutea",NA
"Dianthus caryophyllus","œillet commun"
"Hygronarius renidens",NA
"Peziza saniosa",NA
"Cortinarius hemitrichus",NA
"Thaxterogaster scaurus",NA
"Russula silvestris",NA
"Amanita gemmata","Amanite jonquille"
"Tricharina ochroleuca",NA
"Cortinarius subtortus",NA
"Hydnellum ferrugineum",NA
"Mycena stylobates",NA
"Imperator rhodopurpureus",NA
"Laeticutis cristata",NA
"Hericium coralloides",NA
"Phlegmacium balteatum",NA
"Roridomyces roridus","Mycène à pied gluant"
"Hebeloma mesophaeum",NA
"Mycena renati","Mycène à pied jaune"
"Amanita strobiliformis","Amanite solitaire"
"Tricholoma fucatum",NA
"Thelephora caryophyllea",NA
"Sebacina incrustans",NA
"Entoloma subradiatum",NA
"Cerioporus leptocephalus",NA
"Typhrasa gossypina",NA
"Parasola plicatilis",NA
"Lactarius fluens",NA
"Deconica crobula","Psilocybe à toupet"
"Calocybe carnea",NA
"Xerocomellus pruinatus","Boletus pruinatus"
"Tricholomopsis decora",NA
"Entoloma incarnatofuscescens",NA
"Russula illota",NA
"Lycoperdon molle",NA
"Inocybe hirtella",NA
"Gymnopus fuscopurpureus",NA
"Hygrophorus cossus",NA
"Typhula erythropus",NA
"Hebeloma sacchariolens",NA
"Russula fuscorubroides",NA
"Tringa totanus","Chevalier gambette"
"Crocidura russula","Greater white-toothed shrew"
"Microtus arvalis","common vole"
"Marasmius oreades","Marasme des Oréades"
"Hygrophorus eburneus",NA
"Cortinarius uraceus",NA
"Suillellus queletii",NA
"Butyriboletus appendiculatus",NA
"Lepiota castanea",NA
"Microtus subterraneus","Campagnol souterrain"
"Rhizomarasmius undatus",NA
"Muscardinus avellanarius","Hazel dormouse"
"Parasola auricoma",NA
"Myodes glareolus","bank vole"
"Crocidura leucodon","Bicolored Shrew"
"Hebeloma theobrominum",NA
"Gymnopilus picreus",NA
"Microtus agrestis","Campagnol agreste"
"Sorex minutus","Eurasian pygmy shrew"
"Xylaria polymorpha","Xylaire polymorphe"
"Suillus luteus","Bolet jaune"
"Neomys fodiens","Eurasian water shrew"
"Tectella patellaris","Tectella operculata"
"Myxomphalia maura",NA
"Entoloma asprellum",NA
"Crepidotus epibryus",NA
"Melanoleuca graminicola",NA
"Sebacina epigaea",NA
"Lycoperdon mammiforme",NA
"Panellus violaceofulvus",NA
"Pholiota carbonaria",NA
"Melanoleuca polioleuca",NA
"Galerina sideroides",NA
"Mycena hemisphaerica",NA
"Trametes pubescens","Tramète pubescente"
"Deconica horizontalis",NA
"Pluteus romellii",NA
"Atheniella flavoalba",NA
"Cantharellus henricii",NA
"Phallus impudicus","Satyre puant"
"Mycena inclinata","Mycène inclinée"
"Mycena pterigena",NA
"Pluteus salicinus",NA
"Armillaria gallica",NA
"Volvariella surrecta",NA
"Ramariopsis kunzei",NA
"Macrolepiota procera","Lépiote élevée"
"Trypodendron lineatum",NA
"Cupido minimus","Argus frêle"
"Boloria dia","Petite violette"
"Pyrgus malvae","Hespérie de la mauve"
"Cortinarius venetus",NA
"Colias alfacariensis","Fluoré"
"Hypholoma epixanthum",NA
"Cortinarius fagetorum",NA
"Adscita geryon",NA
"Psathyrella corrugis",NA
"Rubroboletus satanas",NA
"Echinoderma hystrix",NA
"Hapalopilus rutilans",NA
"Inocybe umbratica",NA
"Muscinupta laevis",NA
"Amaropostia stiptica",NA
"Thelebolus stercoreus",NA
"Cortinarius caesiocanescens",NA
"Hygrophorus atramentosus",NA
"Cyanosporus subcaesius",NA
"Cortinarius lucorum",NA
"Russula langei",NA
"Lactarius chrysorrheus",NA
"Rubroboletus legaliae",NA
"Hebeloma laterinum",NA
"Rhodocollybia maculata",NA
"Russula aurora",NA
"Cortinarius cagei",NA
"Inocybe tenebrosa",NA
"Protocrea farinosa",NA
"Phellinus rhamni",NA
"Cerioporus squamosus","polypore écailleux"
"Tricholoma basirubens",NA
"Dentipellis fragilis",NA
"Phlegmacium pseudocyanopus",NA
"Inocybe pelargonium",NA
"Rhizocybe pruinosa",NA
"Russula rosea",NA
"Hygrophorus erubescens",NA
"Podofomes trogii",NA
"Phlegmacium areni-silvae",NA
"Cortinarius anthracinus",NA
"Tricholoma filamentosum",NA
"Cortinarius amigochrous",NA
"Hydnellum peckii",NA
"Amanita porphyria",NA
"Cortinarius candelaris",NA
"Russula aeruginea",NA
"Cortinarius scutulatus","Cortinaire à mailles"
"Tricholoma ustaloides",NA
"Phlegmacium olidum",NA
"Strobilurus stephanocystis",NA
"Gliophorus psittacinus",NA
"Diatrype bullata",NA
"Phlegmacium saginum",NA
"Tyto alba","Effraie des clochers"
"Russula decolorans",NA
"Helvella lacunosa","Helvelle lacuneuse"
"Clitocybe ditopa","Clitocybe ditopus"
"Russula betularum",NA
"Thaxterogaster vibratilis",NA
"Calocybe pseudoflammula",NA
"Rosellinia thelena",NA
"Hypholoma elongatum",NA
"Otidea alutacea",NA
"Inocybe langei",NA
"Ramaria flava",NA
"Mycena olivaceomarginata",NA
"Dendrocollybia racemosa",NA
"Cuphophyllus colemannianus",NA
"Ramaria botrytis",NA
"Tricholoma sciodes",NA
"Scutellinia scutellata",NA
"Cortinarius fulvoincarnatus",NA
"Ampulloclitocybe clavipes",NA
"Phaeotremella foliacea",NA
"Pleurotus dryinus",NA
"Cortinarius alboviolaceus",NA
"Boletopsis leucomelaena",NA
"Lactarius serifluus",NA
"Agrocybe vervacti",NA
"Asterophora lycoperdoides",NA
"Cortinarius allutus",NA
"Bonomyces sinopicus",NA
"Trochila ilicina",NA
"Inocybe mixtilis",NA
"Mycena amicta",NA
"Coprinellus disseminatus",NA
"Collybia tuberosa",NA
"Lactarius acris",NA
"Calonarius pseudoglaucopus",NA
"Cortinarius triformis",NA
"Cortinarius saturninus",NA
"Cortinarius brunneus",NA
"Russula grisea",NA
"Rigidoporus sanguinolentus",NA
"Pholiota limonella",NA
"Godronia urceolus",NA
"Grifola frondosa","Polypore en touffe"
"Cribraria argillacea",NA
"Melanoleuca melaleuca",NA
"Tricholomella constricta",NA
"Lepista glaucocana",NA
"Cotylidia pannosa",NA
"Cystodermella cinnabarina",NA
"Hypoxylon fuscum",NA
"Hemimycena mairei",NA
"Conocybe arrhenii",NA
"Tricholoma acerbum",NA
"Hypomyces lateritius",NA
"Cortinarius trivialis",NA
"Tricholomopsis ornata",NA
"Jackrogersella multiformis",NA
"Hortiboletus rubellus","bolet rougeâtre"
"Cortinarius caerulescens",NA
"Calonarius platypus",NA
"Conocybe vexans",NA
"Hebeloma fastibile",NA
"Peziza echinospora",NA
"Phyllotopsis nidulans","mock oyster"
"Mycena abramsii",NA
"Melanoleuca grammopodia",NA
"Tubaria furfuracea",NA
"Hydnellum suaveolens",NA
"Mycena rosea",NA
"Hypocrea gelatinosa",NA
"Marasmius epiphylloides",NA
"Iodophanus carneus",NA
"Diderma effusum",NA
"Agapanthia intermedia",NA
"Badhamia panicea",NA
"Cribraria persoonii",NA
"Oligonema favogineum",NA
"Platanthera chlorantha",NA
"Dactylorhiza incarnata","Orchis incarnat"
"Orchis militaris","Orchis guerrier"
"Anacamptis pyramidalis",NA
"Platanthera bifolia","Platanthère à deux feuilles"
"Neotinea ustulata","Orchis brûlé"
"Mycena flos-nivium",NA
"Campanula latifolia",NA
"Taxus baccata",NA
"Rhagium sycophanta",NA
"Rhagium inquisitor",NA
"Rhagium mordax","Rhagie mordante"
"Tetropium castaneum",NA
"Lamia textor","Weaver beetle"
"Rhagium bifasciatum",NA
"Circaea intermedia",NA
"Acanthocinus reticulatus",NA
"Pogonocherus decoratus",NA
"Agapanthia violacea",NA
"Pachytodes cerambyciformis","Judolia cerambyciformis"
"Agapanthia villosoviridescens",NA
"Lepista amara",NA
"Pityogenes chalcographus",NA
"Obrium brunneum",NA
"Gentiana cruciata","Gentiane croisette"
"Gentiana verna",NA
"Circaea alpina","Circée des Alpes"
"Allium carinatum","Ail caréné"
"Paracorymbia maculicornis",NA
"Monochamus sutor",NA
"Veronica austriaca",NA
"Euphrasia officinalis",NA
"Prunella grandiflora","brunelle à grandes fleurs"
"Ranunculus carinthiacus",NA
"Cirsium acaule","Cirse acaule"
"Trommsdorffia maculata",NA
"Cirsium acaulon",NA
"Dryocoetes autographus",NA
"Hylastes angustatus",NA
"Geranium pusillum","Géranium fluet"
"Cerastium pumilum",NA
"Saxifraga tridactylites","Saxifrage à trois doigts"
"Sabulina tenuifolia",NA
"Stenocorus meridianus",NA
"Colias hyale",NA
"Pyrgus alveus","Hespérie du faux-buis"
"Coenonympha iphis",NA
"Cortinarius collinitus",NA
"Hygrophorus nemoreus",NA
"Lepista irina",NA
"Hygrophorus camarophyllus",NA
"Laccaria tortilis",NA
"Hygrophorus penarius",NA
"Hygrophorus olivaceoalbus",NA
"Aspropaxillus giganteus",NA
"Saponaria ocymoides","Saponaire de Montpellier"
"Arvicola amphibius",NA
"Trichophorum cespitosum",NA
"Eriophorum vaginatum",NA
"Carex nigra",NA
"Rhynchospora alba",NA
"Betula pubescens",NA
"Lysimachia vulgaris","Lysimaque commune"
"Viola palustris","Violette des marais"
"Silaum silaus",NA
"Thelypteris palustris",NA
"Carex pairae",NA
"Phragmites australis",NA
"Geranium palustre",NA
"Selinum carvifolia",NA
"Tricharina praecox",NA
"Hydnellum geogenium",NA
"Cortinarius fulgens",NA
"Cortinarius fulmineus",NA
"Marasmius wynneae",NA
"Scleroderma citrinum",NA
"Pachyella violaceonigra",NA
"Cortinarius croceocaeruleus",NA
"Thelephora terrestris",NA
"Entoloma lampropus",NA
"Clitopilus geminus","Rhodocybe tronqué"
"Agaricus comtulus",NA
"Sowerbyella imperialis",NA
"Tarzetta catinus",NA
"Cortinarius latobalteatus",NA
"Amanita crocea","Amanite safran"
"Trifolium scabrum","Trèfle scabre"
"Medicago minima",NA
"Helvella costifera",NA
"Saperda carcharias",NA
"Russula mustelina",NA
"Molorchus minor",NA
"Anastrangalia dubia",NA
"Gaurotes virginea","Gaurotes virgineus"
"Dinoptera collaris",NA
"Stenurella melanura",NA
"Huperzia selago",NA
"Hygrophorus hyacinthinus",NA
"Geum intermedium",NA
"Vinealobryum vineale",NA
"Sanionia uncinata",NA
"Gentiana acaulis","Gentiane acaule"
"Rubus scabrosus",NA
"Saxifraga rotundifolia",NA
"Equisetum sylvaticum",NA
"Antennaria dioica","Pied de chat dioïque"
"Pseudorchis albida",NA
"Stachys arvensis",NA
"Pyrola rotundifolia",NA
"Dactylorhiza viridis",NA
"Pedicularis palustris",NA
"Lathraea squamaria",NA
"Verbascum nigrum","Molène noire"
"Cephalanthera longifolia","Céphalanthère à feuilles étroites"
"Artemisia absinthium","Absinthe"
"Pyrola minor","common wintergreen"
"Bidens cernua",NA
"Cottus gobio","Chabot commun"
"Thymallus thymallus","Ombre commun"
"Salmo trutta",NA
"Phoxinus phoxinus","Vairon"
"Parus montanus",NA
"Nyctalus noctula","Common noctule"
"Hypsugo savii","Vespère de Savi"
"Nyctalus leisleri","Noctule de Leisler"
"Buxbaumia viridis",NA
"Ruscus aculeatus",NA
"Tadarida teniotis","Molosse de Cestoni"
"Epidalea calamita","Crapaud calamite"
"Austropotamobius pallipes","Écrevisse à pattes blanches"
"Saxicola torquatus","African Stonechat"
"Miniopterus schreibersii","common bent-wing bat"
"Hierophis viridiflavus","Couleuvre verte et jaune"
